Parliament Station (Melbourne City),-,-,-,-,-,-,-,-,-,-,-,-,-,7:29,-,-,-,-,-,-,-,-,-,-,-,-,-,-,-,-,-,-,-,-,-,-,-,-,-,-,-,-,-,-,-,-,-,-,-,-,-,-,-,-,-,-,-,-,-,-,-,-,-,-,-,-,-,-,-,-,-,-,-,-,-,-,-,-,-,-,-,-,-,-,-,-,-,-,-,-,-
Melbourne Central Station (Melbourne City),-,-,-,-,-,-,-,-,-,-,-,-,-,7:31,-,-,-,-,-,-,-,-,-,-,-,-,-,-,-,-,-,-,-,-,-,-,-,-,-,-,-,-,-,-,-,-,-,-,-,-,-,-,-,-,-,-,-,-,-,-,-,-,-,-,-,-,-,-,-,-,-,-,-,-,-,-,-,-,-,-,-,-,-,-,-,-,-,-,-,-,-
Flagstaff Station (Melbourne City),-,-,-,-,-,-,-,-,-,-,-,-,-,7:33,-,-,-,-,-,-,-,-,-,-,-,-,-,-,-,-,-,-,-,-,-,-,-,-,-,-,-,-,-,-,-,-,-,-,-,-,-,-,-,-,-,-,-,-,-,-,-,-,-,-,-,-,-,-,-,-,-,-,-,-,-,-,-,-,-,-,-,-,-,-,-,-,-,-,-,-,-
Southern Cross Station (Melbourne City),-,-,-,-,-,-,-,-,-,-,-,-,-,7:35,-,-,-,-,-,-,-,-,-,-,-,-,-,-,-,-,-,-,-,-,-,-,-,-,-,-,-,-,-,-,-,-,-,-,-,-,-,-,-,-,-,-,-,-,-,-,-,-,-,-,-,-,-,-,-,-,-,-,-,-,-,-,-,-,-,-,-,-,-,-,-,-,-,-,-,-,-
Flinders Street Station (Melbourne City),-,-,-,-,-,-,-,-,-,-,-,-,-,7:39,-,-,-,-,-,-,-,-,-,-,-,-,-,-,-,-,-,-,-,-,-,-,-,-,-,-,-,-,-,-,-,-,-,-,-,-,-,-,-,-,-,-,-,-,-,-,-,-,-,-,-,-,-,-,-,-,-,-,-,-,-,-,-,-,-,-,-,-,-,-,-,-,-,-,-,-,-
Flinders Street Station (Melbourne City),5:24,5:44,6:06,6:21,6:32,6:43,6:50,6:58,7:05,7:13,7:20,7:28,7:36,7:42,7:50,7:57,8:05,8:12,8:20,8:28,8:42,8:57,9:12,9:27,9:42,9:57,10:12,10:27,10:42,10:57,11:12,11:27,11:42,11:57,12:12,12:27,12:42,12:57,13:12,13:27,13:42,13:57,14:12,14:26,14:41,14:56,15:11,15:21,15:31,15:41,15:51,16:01,16:11,16:21,16:31,16:38,16:46,16:53,17:01,17:08,17:16,17:23,17:31,17:38,17:46,17:53,18:01,18:11,18:21,18:31,18:46,19:01,19:16,19:31,19:46,20:01,20:16,20:33,20:53,21:13,21:33,21:53,22:13,22:33,22:53,23:13,23:33,23:53,0:13,0:43,1:13
Richmond Station (Richmond),5:27,5:47,6:09,6:24,6:35,6:46,6:53,7:01,7:08,7:16,7:23,7:31,7:39,7:45,7:53,8:00,8:08,8:15,8:23,8:31,8:45,9:00,9:15,9:30,9:45,10:00,10:15,10:30,10:45,11:00,11:15,11:30,11:45,12:00,12:15,12:30,12:45,13:00,13:15,13:30,13:45,14:00,14:15,14:29,14:44,14:59,15:14,15:24,15:34,15:44,15:54,16:04,16:14,16:24,16:34,16:41,16:49,16:56,17:04,17:11,17:19,17:26,17:34,17:41,17:49,17:56,18:04,18:14,18:24,18:34,18:49,19:04,19:19,19:34,19:49,20:04,20:19,20:36,20:56,21:16,21:36,21:56,22:16,22:36,22:56,23:16,23:36,23:56,0:16,0:46,1:16
South Yarra Station (South Yarra),5:30,5:50,6:12,6:27,6:38,6:49,6:56,7:04,7:11,7:19,7:26,7:34,7:42,7:48,7:56,8:03,8:11,8:18,8:26,8:34,8:48,9:03,9:18,9:33,9:48,10:03,10:18,10:33,10:48,11:03,11:18,11:33,11:48,12:03,12:18,12:33,12:48,13:03,13:18,13:33,13:48,14:03,14:18,14:32,14:47,15:02,15:17,15:27,15:37,15:47,15:57,16:07,16:17,16:27,16:37,16:44,16:52,16:59,17:07,17:14,17:22,17:29,17:37,17:44,17:52,17:59,18:07,18:17,18:27,18:37,18:52,19:07,19:22,19:37,19:52,20:07,20:22,20:39,20:59,21:19,21:39,21:59,22:19,22:39,22:59,23:19,23:39,23:59,0:19,0:49,1:19
Prahran Station (Prahran),5:32,5:52,6:14,6:29,6:40,6:51,6:58,7:06,7:13,7:21,7:28,7:36,7:44,7:50,7:58,8:05,8:13,8:20,8:28,8:36,8:50,9:05,9:20,9:35,9:50,10:05,10:20,10:35,10:50,11:05,11:20,11:35,11:50,12:05,12:20,12:35,12:50,13:05,13:20,13:35,13:50,14:05,14:20,14:34,14:49,15:04,15:19,15:29,15:39,15:49,15:59,16:09,16:19,16:29,16:39,16:46,16:54,17:01,17:09,17:16,17:24,17:31,17:39,17:46,17:54,18:01,18:09,18:19,18:29,18:39,18:54,19:09,19:24,19:39,19:54,20:09,20:24,20:41,21:01,21:21,21:41,22:01,22:21,22:41,23:01,23:21,23:41,0:01,0:21,0:51,1:21
Windsor Station (Windsor),5:33,5:53,6:15,6:30,6:41,6:52,6:59,7:07,7:14,7:22,7:29,7:37,7:45,7:51,7:59,8:06,8:14,8:21,8:29,8:37,8:51,9:06,9:21,9:36,9:51,10:06,10:21,10:36,10:51,11:06,11:21,11:36,11:51,12:06,12:21,12:36,12:51,13:06,13:21,13:36,13:51,14:06,14:21,14:35,14:50,15:05,15:20,15:30,15:41,15:51,16:01,16:11,16:21,16:31,16:41,16:48,16:56,17:03,17:11,17:18,17:26,17:33,17:41,17:48,17:56,18:03,18:11,18:21,18:30,18:40,18:55,19:10,19:25,19:40,19:55,20:10,20:25,20:42,21:02,21:22,21:42,22:02,22:22,22:42,23:02,23:22,23:42,0:02,0:22,0:52,1:22
Balaclava Station (Balaclava),5:35,5:55,6:17,6:32,6:43,6:54,7:01,7:09,7:16,7:24,7:31,7:39,7:47,7:53,8:01,8:08,8:16,8:23,8:31,8:39,8:53,9:08,9:23,9:38,9:53,10:08,10:23,10:38,10:53,11:08,11:23,11:38,11:53,12:08,12:23,12:38,12:53,13:08,13:23,13:38,13:53,14:08,14:23,14:37,14:52,15:07,15:22,15:32,15:43,15:53,16:03,16:13,16:23,16:33,16:43,16:50,16:58,17:05,17:13,17:20,17:28,17:35,17:43,17:50,17:58,18:05,18:13,18:23,18:32,18:42,18:57,19:12,19:27,19:42,19:57,20:12,20:27,20:44,21:04,21:24,21:44,22:04,22:24,22:44,23:04,23:24,23:44,0:04,0:24,0:54,1:24
Ripponlea Station (Ripponlea),5:37,5:57,6:19,6:34,6:45,6:56,7:03,7:11,7:18,7:26,7:33,7:41,7:49,7:55,8:03,8:10,8:18,8:25,8:33,8:41,8:55,9:10,9:25,9:40,9:55,10:10,10:25,10:40,10:55,11:10,11:25,11:40,11:55,12:10,12:25,12:40,12:55,13:10,13:25,13:40,13:55,14:10,14:25,14:39,14:54,15:09,15:24,15:34,15:45,15:55,16:05,16:15,16:25,16:35,16:45,16:52,17:00,17:07,17:15,17:22,17:30,17:37,17:45,17:52,18:00,18:07,18:15,18:25,18:34,18:44,18:59,19:14,19:29,19:44,19:59,20:14,20:29,20:46,21:06,21:26,21:46,22:06,22:26,22:46,23:06,23:26,23:46,0:06,0:26,0:56,1:26
Elsternwick Station (Elsternwick),5:39,5:59,6:21,6:36,6:47,6:58,7:05,7:13,7:20,7:28,7:35,7:43,7:51,7:57,8:05,8:12,8:20,8:27,8:35,8:43,8:57,9:12,9:27,9:42,9:57,10:12,10:27,10:42,10:57,11:12,11:27,11:42,11:57,12:12,12:27,12:42,12:57,13:12,13:27,13:42,13:57,14:12,14:27,14:41,14:56,15:11,15:26,15:36,15:47,15:57,16:07,16:17,16:27,16:37,16:47,16:54,17:02,17:09,17:17,17:24,17:32,17:39,17:47,17:54,18:02,18:09,18:17,18:27,18:36,18:46,19:01,19:16,19:31,19:46,20:01,20:16,20:31,20:48,21:08,21:28,21:48,22:08,22:28,22:48,23:08,23:28,23:48,0:08,0:28,0:58,1:28
Gardenvale Station (Brighton),5:41,6:01,6:23,6:38,6:49,7:00,7:07,7:15,7:22,7:30,7:37,7:45,7:53,7:59,8:07,8:14,8:22,8:29,8:37,8:45,8:59,9:14,9:29,9:44,9:59,10:14,10:29,10:44,10:59,11:14,11:29,11:44,11:59,12:14,12:29,12:44,12:59,13:14,13:29,13:44,13:59,14:14,14:29,14:43,14:58,15:13,15:28,15:38,15:49,15:59,16:09,16:19,16:29,16:39,16:49,16:56,17:04,17:11,17:19,17:26,17:34,17:41,17:49,17:56,18:04,18:11,18:19,18:29,18:38,18:48,19:03,19:18,19:33,19:48,20:03,20:18,20:33,20:50,21:10,21:30,21:50,22:10,22:30,22:50,23:10,23:30,23:50,0:10,0:30,1:00,1:30
North Brighton Station (Brighton),5:43,6:03,6:25,6:40,6:51,7:02,7:09,7:17,7:24,7:32,7:39,7:47,7:55,8:01,8:09,8:16,8:24,8:31,8:39,8:47,9:01,9:16,9:31,9:46,10:01,10:16,10:31,10:46,11:01,11:16,11:31,11:46,12:01,12:16,12:31,12:46,13:01,13:16,13:31,13:46,14:01,14:16,14:31,14:45,15:00,15:15,15:30,15:40,15:51,16:01,16:11,16:21,16:31,16:41,16:51,16:58,17:06,17:13,17:21,17:28,17:36,17:43,17:51,17:58,18:06,18:13,18:21,18:31,18:40,18:50,19:05,19:20,19:35,19:50,20:05,20:20,20:35,20:52,21:12,21:32,21:52,22:12,22:32,22:52,23:12,23:32,23:52,0:12,0:32,1:02,1:32
Middle Brighton Station (Brighton),5:45,6:05,6:27,6:42,6:53,7:04,7:11,7:19,7:26,7:34,7:41,7:49,7:57,8:03,8:11,8:18,8:26,8:33,8:41,8:49,9:03,9:18,9:33,9:48,10:03,10:18,10:33,10:48,11:03,11:18,11:33,11:48,12:03,12:18,12:33,12:48,13:03,13:18,13:33,13:48,14:03,14:18,14:33,14:47,15:02,15:17,15:32,15:42,15:53,16:03,16:13,16:23,16:33,16:43,16:53,17:00,17:08,17:15,17:23,17:30,17:38,17:45,17:53,18:00,18:08,18:15,18:23,18:33,18:42,18:52,19:07,19:22,19:37,19:52,20:07,20:22,20:37,20:54,21:14,21:34,21:54,22:14,22:34,22:54,23:14,23:34,23:54,0:14,0:34,1:04,1:34
Brighton Beach Station (Brighton),5:47,6:07,6:29,6:44,6:55,7:06,7:13,7:21,7:28,7:36,7:43,7:51,7:59,8:05,8:13,8:20,8:28,8:35,8:43,8:51,9:05,9:20,9:35,9:50,10:05,10:20,10:35,10:50,11:05,11:20,11:35,11:50,12:05,12:20,12:35,12:50,13:05,13:20,13:35,13:50,14:05,14:20,14:35,14:49,15:04,15:19,15:34,15:44,15:55,16:05,16:15,16:25,16:35,16:45,16:55,17:02,17:10,17:17,17:25,17:32,17:40,17:47,17:55,18:02,18:10,18:17,18:25,18:35,18:44,18:54,19:09,19:24,19:39,19:54,20:09,20:24,20:39,20:56,21:16,21:36,21:56,22:16,22:36,22:56,23:16,23:36,23:56,0:16,0:36,1:06,1:36
Hampton Station (Hampton),5:50,6:10,6:32,6:47,6:58,7:09,7:16,7:24,7:31,7:39,7:46,7:54,8:02,8:08,8:16,8:23,8:31,8:38,8:46,8:54,9:08,9:23,9:38,9:53,10:08,10:23,10:38,10:53,11:08,11:23,11:38,11:53,12:08,12:23,12:38,12:53,13:08,13:23,13:38,13:53,14:08,14:23,14:38,14:52,15:07,15:22,15:37,15:47,15:58,16:08,16:18,16:28,16:38,16:48,16:58,17:05,17:13,17:20,17:28,17:35,17:43,17:50,17:58,18:05,18:13,18:20,18:28,18:38,18:47,18:57,19:12,19:27,19:42,19:57,20:12,20:27,20:42,20:59,21:19,21:39,21:59,22:19,22:39,22:59,23:19,23:39,23:59,0:19,0:39,1:09,1:39
Sandringham Station (Sandringham),5:53,6:13,6:35,6:50,7:01,7:12,7:19,7:27,7:34,7:42,7:49,7:57,8:05,8:12,8:19,8:26,8:34,8:41,8:50,8:57,9:11,9:26,9:41,9:56,10:11,10:26,10:41,10:56,11:11,11:26,11:41,11:56,12:11,12:26,12:41,12:56,13:11,13:26,13:41,13:56,14:11,14:26,14:41,14:55,15:10,15:25,15:40,15:50,16:01,16:11,16:21,16:31,16:41,16:51,17:01,17:08,17:16,17:23,17:31,17:38,17:46,17:53,18:01,18:08,18:16,18:23,18:31,18:41,18:50,19:00,19:15,19:30,19:45,20:00,20:15,20:30,20:45,21:02,21:22,21:42,22:02,22:22,22:42,23:02,23:22,23:42,0:02,0:22,0:42,1:12,1:42
